{
  "assetsByChunkName": {
    "vendors~app-account~app-confirmation~app-order": "chunk.af34a33a00efd6ebcb61.js",
    "vendors~app-account~app-checkout": "chunk.7fb190b659be8cbda8da.js",
    "vendors~app-cart~app-checkout": "chunk.b2ef214b7fd996cfc041.js",
    "admin": [
      "admin.6d83ddcc938f84606db7.js",
      "admin.6d83ddcc938f84606db7.js.map"
    ],
    "app-account": "chunk.978f45b729d77f039b13.js",
    "app-checkout": "chunk.78ccab78110f969c41aa.js",
    "app-confirmation": "chunk.b0a73943a49fd35523a1.js",
    "checkout": [
      "checkout.03cf3f747fb40fa43985.js",
      "checkout.03cf3f747fb40fa43985.js.map"
    ],
    "storefront": [
      "storefront.f9157585252540d12d2d.css",
      "storefront.c1c2f466d2c2d7dcd9fa.js",
      "storefront.f9157585252540d12d2d.css.map",
      "storefront.c1c2f466d2c2d7dcd9fa.js.map"
    ],
    "vendors~app-cart": "chunk.91bf4905d005ccfbb8f4.js",
    "vendors~app-order": "chunk.04f3ac6c5f2b7c0ec1bf.js"
  }
}